Energy (MeV),Depth (g/cm2),Active
0.0,7.056202600491048,0.0
0.0,9.011080843350214,0.0
0.0,14.187334164443456,0.0
0.0,15.088815284718617,0.0
0.0,10.843899395852294,0.0
0.0,13.441092239600142,0.0
0.0,19.042590493750474,0.0
0.0,19.042590493750474,0.0
0.0,41.203967717522936,0.0
0.0,41.203967717522936,0.0
0.0,26.885051459380026,0.0
0.0,26.885051459380026,0.0
0.0,17.028155773969843,0.0
0.0,17.028155773969846,0.0
0.0,16.162589183418937,0.0
0.0,16.162589183418937,0.0
0.0,24.921421033813232,0.0
0.0,24.921421033813232,0.0
0.0,6.85010013811473,0.0
0.0,9.047126756187598,0.0
0.0,4.653736332952947,0.0
0.0,4.653736332952946,0.0
0.0,12.48348149920706,0.0
0.0,12.8541613862205,0.0
0.0,25.269919563912524,0.0
0.0,26.79435140594629,0.0
0.0,17.650142306409975,0.0
0.0,17.650142306409975,0.0
0.0,18.22048549095964,0.0
0.0,18.220485490959643,0.0
0.0,27.701125665698797,0.0
0.0,29.144110727536503,0.0
0.0,39.7692499861571,0.0
0.0,40.34048012656435,0.0
0.0,38.08972283411585,0.0
0.0,38.08972283411585,0.0
0.0,50.827913042778384,0.0
0.0,54.38112289563446,0.0
0.0,45.90052955440793,0.0
0.0,48.95622117655811,0.0
0.0,38.03628018782066,0.0
0.0,38.03628018782066,0.0
0.0,11.278855828438392,0.0
0.0,12.075452346520326,0.0
0.0,15.883689466191184,0.0
0.0,15.544849527249575,0.0
0.0,13.634818092897847,0.0
0.0,12.283621185021119,0.0
0.0,19.86147843133859,0.0
0.0,19.203495908319937,0.0
0.0,28.78788915977438,0.0
0.0,27.19080724343106,0.0
0.0,19.748241520699565,0.0
0.0,19.748241520699565,0.0
0.0,22.31333962999954,0.0
0.0,19.900229848240986,0.0
0.0,22.712470831840648,0.0
0.0,22.712470831840648,0.0
1.266641491584117,98.07859467977653,1.0
1.266641491584117,87.55904296035038,1.0
0.0,40.22421694270138,0.0
0.0,40.22421694270139,0.0
0.0,41.73014340842401,0.0
0.0,41.73014340842401,0.0
0.0,23.116091490750904,0.0
0.0,23.116091490750907,0.0
0.0,36.377872711194506,0.0
0.0,36.3778727111945,0.0
0.0,9.051869340365712,0.0
0.0,11.556718488519993,0.0
0.0,27.775084352502855,0.0
0.0,22.653763147492032,0.0
0.0,10.783535473903427,0.0
0.0,10.783535473903429,0.0
0.0,39.66709289005808,0.0
0.0,39.667092890058086,0.0
0.0,33.65149557588148,0.0
0.0,28.45048778575814,0.0
0.0,27.52577143592886,0.0
0.0,27.464564287029745,0.0
0.0,42.365254123981934,0.0
0.0,45.50865874397987,0.0
0.0,37.69715513063718,0.0
0.0,37.69715513063718,0.0
0.0,34.873062503182375,0.0
0.0,34.87306250318237,0.0
0.0,41.93797285112063,0.0
0.0,41.937972851120634,0.0
0.0,46.64864667341216,0.0
0.0,46.64864667341216,0.0
0.0,50.272638126646484,0.0
0.0,50.272638126646484,0.0
0.0,28.912622058309793,0.0
0.0,27.851923645048124,0.0
0.0,34.60885607147731,0.0
0.0,32.65212206911545,0.0
0.0,48.442669799939516,0.0
0.0,44.15217792312723,0.0
0.0,41.48821095466227,0.0
0.0,41.38079132671984,0.0
0.0,50.129734028939936,0.0
0.0,50.12973402893994,0.0
0.0,38.34373468595513,0.0
0.0,38.34373468595513,0.0
0.0,63.27656840576365,0.0
0.0,60.25436055743963,0.0
0.0,48.796812866038785,0.0
0.0,48.0259663166679,0.0
2.5341043713542173,68.43564837962211,1.0
2.5341043713542173,90.09716860601462,1.0
0.0,46.816861306570644,0.0
0.0,46.816861306570644,0.0
0.0,23.96447330571652,0.0
0.0,28.09419637821098,0.0
0.0,25.02859033976748,0.0
0.0,30.318358728210924,0.0
0.0,23.728643642646073,0.0
0.0,23.728643642646073,0.0
0.0,48.44152877223879,0.0
0.0,66.86952908769301,0.0
0.0,35.95073524172935,0.0
0.0,33.7719534753704,0.0
0.0,31.27369503317857,0.0
0.0,31.273695033178573,0.0
0.0,33.64076658441459,0.0
0.0,33.6407665844146,0.0
0.0,52.87022954127921,0.0
0.0,52.87022954127921,0.0
0.0,51.035370812412786,0.0
0.0,51.035370812412786,0.0
0.0,52.992966497874,0.0
0.0,52.992966497874,0.0
0.0,35.79416438540341,0.0
0.0,35.79416438540342,0.0
0.0,2.874691049113066,0.0
0.0,6.166556077566774,0.0
0.0,10.901923743709677,0.0
0.0,11.311118957162794,0.0
0.0,11.49919063703381,0.0
0.0,13.414837102028091,0.0
0.0,15.204403358972533,0.0
0.0,15.919816092583817,0.0
0.0,30.34938455835968,0.0
0.0,30.34938455835968,0.0
0.0,11.178216981149623,0.0
0.0,11.178216981149623,0.0
0.0,19.184587389534148,0.0
0.0,19.184587389534148,0.0
0.0,24.565448292848618,0.0
0.0,24.56544829284862,0.0
0.0,25.51954320576698,0.0
0.0,25.519543205766976,0.0
0.0,29.635219484846896,0.0
0.0,29.635219484846893,0.0
0.0,17.871209489539737,0.0
0.0,17.871209489539737,0.0
0.0,21.353462851242597,0.0
0.0,21.13540267912341,0.0
0.0,23.326503191603692,0.0
0.0,25.275251862470277,0.0
0.0,31.19220162583066,0.0
0.0,35.9418037653831,0.0
0.0,23.759385764931487,0.0
0.0,23.759385764931483,0.0
0.0,59.25416094932789,0.0
0.0,59.75796373177692,0.0
0.0,30.684760396161423,0.0
0.0,30.68476039616142,0.0
0.0,31.710828220427814,0.0
0.0,31.710828220427807,0.0
0.8547515379484978,91.25216185681921,1.0
0.8547515379484978,85.60049527229154,1.0
2.152995021000747,68.48249658668358,1.0
2.152995021000747,101.8926488503048,1.0
0.0,37.67653265461464,0.0
0.0,37.67653265461464,0.0
0.0,9.286970757744225,0.0
0.0,7.140208086701984,0.0
0.0,10.40250479215059,0.0
0.0,9.964572433953013,0.0
0.0,6.729823451747478,0.0
0.0,6.72982345174748,0.0
0.0,15.65197976435055,0.0
0.0,15.825294545500729,0.0
0.0,20.100889528377827,0.0
0.0,22.14702192400534,0.0
0.0,19.020767563329365,0.0
0.0,19.020767563329365,0.0
0.0,25.70722351371121,0.0
0.0,25.707223513711213,0.0
0.0,18.536775267719108,0.0
0.0,18.536775267719108,0.0
0.0,19.496958971235898,0.0
0.0,19.496958971235898,0.0
0.0,33.236255318759596,0.0
0.0,30.634157339296213,0.0
0.0,25.81472259007048,0.0
0.0,25.81472259007049,0.0
0.0,33.37843223187742,0.0
0.0,33.37843223187742,0.0
0.0,34.49201052418323,0.0
0.0,34.49201052418323,0.0
0.0,16.906659748138015,0.0
0.0,14.963737148451694,0.0
0.0,17.064650836685807,0.0
0.0,17.78788065460283,0.0
0.0,18.38824067936679,0.0
0.0,21.493585423516464,0.0
0.0,31.814276997025164,0.0
0.0,31.814276997025164,0.0
0.0,24.822260079010025,0.0
0.0,22.591472714045477,0.0
0.0,25.2120145855184,0.0
0.0,25.212014585518403,0.0
0.0,25.883122972649268,0.0
0.0,25.88312297264927,0.0
0.0,21.285421381019667,0.0
0.0,21.285421381019667,0.0
0.0,26.572048154316093,0.0
0.0,26.572048154316096,0.0
0.0,31.228181258058033,0.0
0.0,31.22818125805803,0.0
0.0,32.10724814974573,0.0
0.0,32.10724814974572,0.0
0.0,6.0767775763482454,0.0
0.0,0.44563040818910693,0.0
0.0,2.8283107879279186,0.0
0.0,4.018705555983622,0.0
0.0,16.086831443002698,0.0
0.0,14.521726361560631,0.0
0.0,10.40719870676357,0.0
0.0,10.40719870676357,0.0
0.0,10.16876113513916,0.0
0.0,10.168761135139158,0.0
0.0,7.103325896370508,0.0
0.0,7.103325896370508,0.0
0.0,24.30113585927088,0.0
0.0,26.049426182143883,0.0
0.0,26.788439256420126,0.0
0.0,24.2906617752106,0.0
0.0,31.113762569106463,0.0
0.0,31.11376256910647,0.0
0.0,33.70419397887077,0.0
0.0,33.70419397887076,0.0
0.0,27.678281967654502,0.0
0.0,27.6782819676545,0.0
0.0,38.228561751520495,0.0
0.0,38.2285617515205,0.0
0.0,17.640274462893185,0.0
0.0,17.64027446289319,0.0
0.0,5.098063404419166,0.0
0.0,2.3017207795337953,0.0
0.0,13.649390951202548,0.0
0.0,13.649390951202545,0.0
0.0,6.9158861342505835,0.0
0.0,7.9186570907504645,0.0
0.0,10.275989476398223,0.0
0.0,8.461781174017872,0.0
0.0,15.016399570030087,0.0
0.0,14.542213535409397,0.0
0.0,8.890380050741417,0.0
0.0,8.890380050741417,0.0
0.0,13.49624842309948,0.0
0.0,13.49624842309948,0.0
0.0,8.817665399838958,0.0
0.0,8.817665399838962,0.0
0.0,15.869761539896032,0.0
0.0,15.869761539896032,0.0
0.0,37.686638698592155,0.0
0.0,37.686638698592155,0.0
0.0,17.335571127408574,0.0
0.0,17.33557112740857,0.0
0.0,7.689005877613811,0.0
0.0,8.321953622020233,0.0
0.0,31.89283743570207,0.0
0.0,34.448833379810054,0.0
0.0,11.181038406056475,0.0
0.0,11.181038406056473,0.0
0.0,14.226623640364636,0.0
0.0,18.604613493822534,0.0
0.0,39.45839541003711,0.0
0.0,37.61611298578292,0.0
0.0,48.79411144026948,0.0
0.0,48.79411144026948,0.0
0.0,23.21750663493902,0.0
0.0,26.00509236178054,0.0
0.0,37.873022260995974,0.0
0.0,37.873022260995974,0.0
0.0,46.587824033740524,0.0
0.0,46.92873526316498,0.0
0.0,39.22345040197145,0.0
0.0,39.223450401971455,0.0
0.0,18.497738303362414,0.0
0.0,18.497738303362414,0.0
0.0,26.46850971063909,0.0
0.0,26.46850971063909,0.0
0.0,49.53467612733867,0.0
0.0,49.53467612733868,0.0
0.0,10.487203383915839,0.0
0.0,7.466025640844833,0.0
0.0,10.306674724855565,0.0
0.0,10.123517149650674,0.0
0.0,18.589236582687338,0.0
0.0,15.483158008202476,0.0
0.0,15.63311582608511,0.0
0.0,15.63311582608511,0.0
0.0,21.863281639246097,0.0
0.0,21.863281639246097,0.0
0.0,13.136433070111005,0.0
0.0,13.136433070111005,0.0
0.0,16.44878738080063,0.0
0.0,16.44878738080063,0.0
0.0,22.355575071891312,0.0
0.0,25.380462235376918,0.0
0.0,24.61110680459591,0.0
0.0,24.61110680459591,0.0
0.0,39.95688951490752,0.0
0.0,39.95688951490753,0.0
0.0,25.995664071687443,0.0
0.0,25.99566407168745,0.0
0.0,28.557621116731628,0.0
0.0,28.557621116731628,0.0
0.0,13.236386858196067,0.0
0.0,6.923091726310858,0.0
0.0,8.71291586818242,0.0
0.0,8.71291586818242,0.0
0.0,8.399591866263396,0.0
0.0,10.242754979772013,0.0
0.0,14.278475525188751,0.0
0.0,14.278475525188751,0.0
0.0,14.733966349199878,0.0
0.0,17.79149825917922,0.0
0.0,13.013850698467886,0.0
0.0,13.013850698467886,0.0
0.0,12.378139228784011,0.0
0.0,12.378139228784013,0.0
0.0,15.469476206568235,0.0
0.0,15.469476206568238,0.0
0.0,25.317714332314807,0.0
0.0,25.317714332314804,0.0
0.0,19.789288918286967,0.0
0.0,19.789288918286964,0.0
0.0,21.181076224659424,0.0
0.0,21.18107622465942,0.0
0.0,28.118394356851702,0.0
0.0,28.1183943568517,0.0
0.0,18.21240102770038,0.0
0.0,18.212401027700384,0.0
0.0,10.849152965764508,0.0
0.0,9.962674486664143,0.0
0.0,9.207346583027675,0.0
0.0,7.346772118065175,0.0
0.0,9.793063275823155,0.0
0.0,7.291812650123864,0.0
0.0,15.300715082897351,0.0
0.0,14.403292813151973,0.0
0.0,15.202838671554886,0.0
0.0,15.202838671554886,0.0
0.0,13.513084457045935,0.0
0.0,13.513084457045938,0.0
0.0,9.754972786897678,0.0
0.0,9.754972786897678,0.0
0.0,12.633838746581738,0.0
0.0,12.633838746581738,0.0
0.0,16.324820906278084,0.0
0.0,16.324820906278084,0.0
0.0,17.898455181916,0.0
0.0,17.898455181916,0.0
0.0,19.014567298429395,0.0
0.0,19.014567298429395,0.0
0.0,16.653059942315522,0.0
0.0,16.653059942315522,0.0
0.0,36.13069069374899,0.0
0.0,36.13069069374899,0.0
0.0,10.270483240870066,0.0
0.0,5.672792080663285,0.0
0.0,16.205652338512238,0.0
0.0,16.205652338512238,0.0
0.0,19.723964126194407,0.0
0.0,18.3958141021402,0.0
0.0,14.35104917599204,0.0
0.0,14.593076614456447,0.0
0.0,32.06751931785244,0.0
0.0,32.067519317852444,0.0
0.0,23.598580900769203,0.0
0.0,23.598580900769207,0.0
0.0,31.500523262047206,0.0
0.0,31.50052326204721,0.0
0.0,11.466463171414409,0.0
0.0,11.466463171414409,0.0
0.0,15.463501676666203,0.0
0.0,15.463501676666203,0.0
0.0,7.980908173688329,0.0
0.0,3.0422770270220916,0.0
0.0,7.935360728096018,0.0
0.0,8.142986689274265,0.0
0.0,10.120593210252888,0.0
0.0,9.227017345084404,0.0
0.0,14.752557538991262,0.0
0.0,14.752557538991267,0.0
0.0,20.781746878222492,0.0
0.0,20.781746878222492,0.0
0.0,17.89626283897307,0.0
0.0,17.583980030169673,0.0
0.0,15.980705844205795,0.0
0.0,17.010626274698904,0.0
0.0,12.363020677399037,0.0
0.0,12.363020677399039,0.0
0.0,23.175888057181808,0.0
0.0,23.1758880571818,0.0
0.0,33.71399706953666,0.0
0.0,33.71399706953667,0.0
0.0,34.77277028248876,0.0
0.0,34.772770282488764,0.0
0.0,5.456071869117146,0.0
0.0,10.046474815836905,0.0
0.0,14.720934042525217,0.0
0.0,13.800693450203266,0.0
0.0,23.794551436276166,0.0
0.0,23.780536043873134,0.0
0.0,26.91074714938512,0.0
0.0,26.910747149385116,0.0
0.0,24.82209064135772,0.0
0.0,24.82209064135772,0.0
0.0,23.27252282866029,0.0
0.0,23.272522828660293,0.0
0.0,30.40960507500847,0.0
0.0,30.40960507500847,0.0
0.0,23.723705766465592,0.0
0.0,23.72370576646559,0.0
0.0,19.531560602767712,0.0
0.0,18.833565437350344,0.0
0.0,27.666886695388037,0.0
0.0,29.953630412438365,0.0
0.0,38.64124648011556,0.0
0.0,37.33826593939312,0.0
0.0,36.60762061536628,0.0
0.0,36.60762061536627,0.0
0.0,36.41769795652183,0.0
0.0,36.41769795652183,0.0
0.0,41.12226379404186,0.0
0.0,41.12226379404186,0.0
0.0,41.889108486812795,0.0
0.0,43.10659770580489,0.0
0.0,41.282092244291846,0.0
0.0,41.282092244291846,0.0
0.0,5.318277894517568,0.0
0.0,6.365391137329711,0.0
0.0,20.262441747736986,0.0
0.0,20.262441747736986,0.0
0.0,10.712892136478352,0.0
0.0,8.962240076947051,0.0
0.0,23.433668903231375,0.0
0.0,23.433668903231375,0.0
0.0,14.101994943871874,0.0
0.0,14.101994943871873,0.0
0.0,18.84439603960894,0.0
0.0,17.269207933837134,0.0
0.0,20.011047652564695,0.0
0.0,20.01104765256469,0.0
0.0,20.09847905977779,0.0
0.0,20.09847905977779,0.0
0.0,11.286538606842582,0.0
0.0,11.28653860684258,0.0
0.0,22.09031242604787,0.0
0.0,21.895587383012522,0.0
0.0,21.358093058158264,0.0
0.0,19.196085111222175,0.0
0.0,32.18375145192748,0.0
0.0,34.11435637699334,0.0
0.0,32.77685802434313,0.0
0.0,35.40354486193219,0.0
0.0,24.727763215303096,0.0
0.0,22.040206311365626,0.0
0.0,42.022305653088424,0.0
0.0,42.022305653088424,0.0
0.0,53.27040773126566,0.0
0.0,64.6280283563003,0.0
0.0,35.47697796882628,0.0
0.0,35.669076514511595,0.0
0.0,43.668184966118524,0.0
0.0,43.668184966118524,0.0
0.0,51.75069589860393,0.0
0.0,51.75069589860393,0.0
0.0,28.537878829402654,0.0
0.0,28.53787882940265,0.0
0.0,26.608562442744997,0.0
0.0,26.608562442744997,0.0
0.0,44.744722054037496,0.0
0.0,44.744722054037496,0.0
0.0,40.45190863454179,0.0
0.0,40.451908634541795,0.0
0.0,13.986809776646036,0.0
0.0,14.720748030961774,0.0
0.0,38.59754754651966,0.0
0.0,35.86322940609792,0.0
0.0,16.370370745029028,0.0
0.0,13.26637505256105,0.0
0.0,18.86041064422276,0.0
0.0,18.86041064422276,0.0
8.591666401802213,77.95370139570802,1.0
8.591666401802213,66.40319531362132,1.0
0.0,43.60886439710019,0.0
0.0,42.533377566493236,0.0
0.0,31.67990405851738,0.0
0.0,31.679904058517387,0.0
0.0,21.06138003663014,0.0
0.0,21.06138003663014,0.0
0.0,46.85455074074419,0.0
0.0,46.76120247942675,0.0
0.0,45.427940972027706,0.0
0.0,45.427940972027706,0.0
0.0,7.46336635600438,0.0
0.0,10.955386651364844,0.0
0.0,29.510391240940557,0.0
0.0,24.46420999842568,0.0
0.0,16.028775119805196,0.0
0.0,15.606124288799705,0.0
0.0,32.276876972252346,0.0
0.0,32.27687697225234,0.0
0.0,29.28824408405974,0.0
0.0,29.288244084059734,0.0
0.0,49.03367238621264,0.0
0.0,54.03964376127452,0.0
0.0,28.957337017215007,0.0
0.0,28.957337017215004,0.0
0.0,33.94235322774214,0.0
0.0,33.94235322774214,0.0
0.0,54.926673637984386,0.0
0.0,56.74635664517369,0.0
0.0,23.76399079524222,0.0
0.0,23.763990795242222,0.0
2.335556934060611,64.76519621173821,1.0
2.335556934060611,69.9469014979838,1.0
4.895918683170392,61.16503585185094,1.0
4.895918683170392,72.63530035146944,1.0
0.0,7.999569478279131,0.0
0.0,13.392147180936316,0.0
0.0,12.809435927257741,0.0
0.0,15.668240262170194,0.0
0.0,18.167633516587344,0.0
0.0,18.167633516587347,0.0
0.0,21.97248234191094,0.0
0.0,19.578422760150616,0.0
0.0,20.07712614969543,0.0
0.0,19.27348570823348,0.0
0.0,27.479006785315384,0.0
0.0,27.479006785315388,0.0
0.0,20.93090663505482,0.0
0.0,20.930906635054818,0.0
0.0,14.564290878582876,0.0
0.0,14.56429087858288,0.0
0.0,21.294036608344086,0.0
0.0,21.294036608344086,0.0
0.0,21.839917699034014,0.0
0.0,21.83991769903401,0.0
0.0,26.876144660475653,0.0
0.0,26.876144660475653,0.0
0.0,25.199877900708465,0.0
0.0,25.199877900708465,0.0
0.0,29.277075759992524,0.0
0.0,29.277075759992517,0.0
0.0,7.806683737424393,0.0
0.0,5.498797008943463,0.0
0.0,15.335550244281004,0.0
0.0,15.556873329142467,0.0
0.0,12.134286417186107,0.0
0.0,12.13428641718611,0.0
0.0,8.428062642767202,0.0
0.0,8.428062642767205,0.0
0.0,5.909453460781316,0.0
0.0,5.909453460781318,0.0
0.0,18.994463516027725,0.0
0.0,18.994463516027725,0.0
0.0,14.267832557919116,0.0
0.0,14.267832557919116,0.0
0.0,19.500486658125524,0.0
0.0,19.50048665812552,0.0
0.0,18.290049376876958,0.0
0.0,18.290049376876958,0.0
0.0,15.864219792109376,0.0
0.0,17.240840742766764,0.0
0.0,18.068989990206813,0.0
0.0,18.068989990206813,0.0
0.0,22.754931896628587,0.0
0.0,22.754931896628584,0.0
0.0,18.39829143240202,0.0
0.0,18.941041721529395,0.0
0.0,27.276443073319147,0.0
0.0,25.811774346033616,0.0
0.0,24.074010840334957,0.0
0.0,24.074010840334957,0.0
0.0,30.31522853998154,0.0
0.0,30.315228539981543,0.0
0.0,32.69321720792695,0.0
0.0,32.69321720792695,0.0
0.0,21.70091123144759,0.0
0.0,22.375747517545882,0.0
0.0,32.50165027563938,0.0
0.0,32.501650275639385,0.0
0.0,29.747970031918722,0.0
0.0,29.747970031918722,0.0
0.0,23.850365570810503,0.0
0.0,23.850365570810503,0.0
0.0,32.763277001749884,0.0
0.0,32.763277001749884,0.0
0.0,23.22266080348123,0.0
0.0,23.66993660997572,0.0
0.0,23.86211582592303,0.0
0.0,23.86211582592303,0.0
0.0,33.28995488380629,0.0
0.0,31.07982399238589,0.0
0.0,46.0415110126461,0.0
0.0,46.04151101264609,0.0
5.083847137444513,88.63412718420676,1.0
5.083847137444513,85.91584838245153,1.0
0.0,37.90965859826619,0.0
0.0,37.909658598266184,0.0
0.0,31.373001226028464,0.0
0.0,31.373001226028464,0.0
0.0,22.624552670256254,0.0
0.0,22.624552670256257,0.0
0.0,32.032910491408195,0.0
0.0,32.03291049140819,0.0
0.0,6.544931688881103,0.0
0.0,3.53551617812969,0.0
0.0,15.420253480960337,0.0
0.0,16.419404274699097,0.0
0.0,9.242441398157325,0.0
0.0,13.871272310757279,0.0
0.0,21.280437513506545,0.0
0.0,21.28043751350655,0.0
0.0,42.47838314993151,0.0
0.0,42.47838314993152,0.0
0.0,23.133221823371514,0.0
0.0,23.13322182337152,0.0
0.0,17.4585347681304,0.0
0.0,17.4585347681304,0.0
0.0,10.68732637514499,0.0
0.0,12.148164280603483,0.0
0.0,15.717403385548995,0.0
0.0,15.717403385548991,0.0
0.0,26.963861213403128,0.0
0.0,26.963861213403128,0.0
0.0,19.547145501536846,0.0
0.0,19.547145501536846,0.0
0.0,9.376820945761514,0.0
0.0,9.020676770205089,0.0
0.0,16.14083954265717,0.0
0.0,11.883366174823097,0.0
0.0,13.944849251510062,0.0
0.0,12.321185718041448,0.0
0.0,12.312485623983328,0.0
0.0,12.312485623983328,0.0
0.0,19.30931742948854,0.0
0.0,22.59660024663805,0.0
0.0,23.219453750913438,0.0
0.0,23.219453750913438,0.0
0.0,56.2927908147102,0.0
0.0,63.611613461923724,0.0
0.0,21.196733990146715,0.0
0.0,21.196733990146715,0.0
0.0,32.675014667869874,0.0
0.0,32.675014667869874,0.0
2.215470903432636,125.5606336719061,1.0
2.215470903432636,114.06285913603249,1.0
0.0,10.653108736989632,0.0
0.0,14.438892057983217,0.0
0.0,10.280865749468022,0.0
0.0,10.280865749468022,0.0
0.0,16.719415050727186,0.0
0.0,16.71941505072719,0.0
0.0,13.819961861632851,0.0
0.0,16.135404557759802,0.0
0.0,13.264929646629943,0.0
0.0,14.246562299812789,0.0
0.0,33.01340007618068,0.0
0.0,33.01340007618067,0.0
0.0,17.45680857683109,0.0
0.0,17.456808576831094,0.0
0.0,22.286963504355324,0.0
0.0,22.28696350435532,0.0
0.0,15.637545118957316,0.0
0.0,15.637545118957318,0.0
0.0,21.04582230366217,0.0
0.0,21.04582230366217,0.0
0.0,32.78320004765827,0.0
0.0,30.11887586751826,0.0
0.0,44.80371367783144,0.0
0.0,44.80371367783143,0.0
0.0,47.14421522331176,0.0
0.0,46.73365001239422,0.0
0.0,40.9021744752913,0.0
0.0,40.012569673623986,0.0
0.0,52.69362879217998,0.0
0.0,52.693628792179986,0.0
0.0,62.968392901635625,0.0
0.0,54.255501297717224,0.0
0.0,34.94829538781282,0.0
0.0,34.94829538781281,0.0
0.0,54.23015445932799,0.0
0.0,56.61935296007608,0.0
0.0,54.445789961651066,0.0
0.0,82.19241562722415,0.0
0.0,47.93204552960815,0.0
0.0,47.93204552960815,0.0
0.0,18.155658280228206,0.0
0.0,18.5645576564975,0.0
0.0,33.780441500592886,0.0
0.0,36.46559479952223,0.0
0.0,16.385872296525427,0.0
0.0,18.664376797700946,0.0
0.0,31.928585895106654,0.0
0.0,31.928585895106654,0.0
0.0,24.742681535019912,0.0
0.0,26.40355023551672,0.0
0.0,46.44244051276576,0.0
0.0,46.44244051276575,0.0
0.0,41.37731289439394,0.0
0.0,41.37731289439394,0.0
0.0,34.27387733603463,0.0
0.0,34.27387733603463,0.0
0.0,34.23072511771494,0.0
0.0,34.23072511771495,0.0
0.0,28.243149489305303,0.0
0.0,28.243149489305303,0.0
0.0,4.2482451984753276,0.0
0.0,10.848693660978846,0.0
0.0,11.98379009219145,0.0
0.0,10.825292101627154,0.0
0.0,21.93317147962944,0.0
0.0,21.93317147962944,0.0
0.0,15.217278921223613,0.0
0.0,15.217278921223615,0.0
0.0,25.15188744960328,0.0
0.0,25.151887449603276,0.0
0.0,23.07888275714943,0.0
0.0,23.07888275714943,0.0
0.0,11.067916518548893,0.0
0.0,11.067916518548893,0.0
0.0,14.555922290111138,0.0
0.0,14.55592229011114,0.0
0.0,25.032214190251338,0.0
0.0,25.032214190251338,0.0
0.0,9.452122136818973,0.0
0.0,6.621499188209921,0.0
0.0,17.678767660871546,0.0
0.0,16.90079694485074,0.0
0.0,16.794697750645593,0.0
0.0,13.978989914774129,0.0
0.0,13.082027621987786,0.0
0.0,13.082027621987784,0.0
0.0,26.43910061445989,0.0
0.0,26.43910061445989,0.0
0.0,21.84964184786164,0.0
0.0,21.849641847861644,0.0
0.0,25.64832908578546,0.0
0.0,25.64832908578546,0.0
0.0,24.000607854926116,0.0
0.0,24.000607854926116,0.0
0.0,28.359226882258117,0.0
0.0,28.359226882258117,0.0
0.0,25.53705261604485,0.0
0.0,25.537052616044853,0.0
0.0,7.779336045349071,0.0
0.0,10.340563206519516,0.0
0.0,7.524181072170293,0.0
0.0,7.524181072170293,0.0
0.0,12.194936714055554,0.0
0.0,10.590310719465581,0.0
0.0,9.172850412929456,0.0
0.0,10.272051641149275,0.0
0.0,19.39615523914044,0.0
0.0,19.39615523914044,0.0
0.0,15.024424208886852,0.0
0.0,14.93889982540069,0.0
0.0,17.14745958842737,0.0
0.0,17.147459588427374,0.0
0.0,16.38899213028083,0.0
0.0,16.388992130280833,0.0
0.0,26.512534044901777,0.0
0.0,26.512534044901777,0.0
0.0,17.641335666962213,0.0
0.0,17.641335666962213,0.0
0.0,14.931998479619397,0.0
0.0,16.401196618265452,0.0
0.0,17.42991323489135,0.0
0.0,17.202847194974513,0.0
0.0,29.19512733124023,0.0
0.0,44.632955359257224,0.0
0.0,20.237816644559626,0.0
0.0,20.237816644559622,0.0
0.0,19.78858528098766,0.0
0.0,19.78858528098766,0.0
0.0,37.35063716256488,0.0
0.0,37.35063716256488,0.0
0.0,17.850456246934634,0.0
0.0,17.85045624693463,0.0
0.0,55.71493865552392,0.0
0.0,56.621820412698376,0.0
0.0,52.84986589779021,0.0
0.0,53.06137100301204,0.0
0.0,7.900334484638936,0.0
0.0,9.772245740432172,0.0
0.0,22.698196802753927,0.0
0.0,22.09390272854835,0.0
0.0,14.058525172678568,0.0
0.0,14.058525172678568,0.0
0.0,12.033419503567035,0.0
0.0,12.033419503567035,0.0
0.0,21.457129905886088,0.0
0.0,24.48883969047933,0.0
0.0,33.74568053681319,0.0
0.0,33.74568053681318,0.0
0.0,35.136179944674204,0.0
0.0,35.1361799446742,0.0
0.0,15.925555385439225,0.0
0.0,15.925555385439225,0.0
0.0,26.182886925947912,0.0
0.0,26.182886925947916,0.0
0.0,32.62029108739343,0.0
0.0,32.62029108739343,0.0
0.0,12.27993825367059,0.0
0.0,12.279938253670588,0.0
0.0,53.19068195717974,0.0
0.0,45.69655003263843,0.0
0.0,5.44018819441836,0.0
0.0,7.337086150570768,0.0
0.0,9.434985890993461,0.0
0.0,8.634635603846265,0.0
0.0,16.820672095986183,0.0
0.0,14.597620186383235,0.0
0.0,12.65468923574514,0.0
0.0,12.65468923574514,0.0
0.0,20.085684542922056,0.0
0.0,20.92707281344188,0.0
0.0,23.4640752355328,0.0
0.0,23.4640752355328,0.0
0.0,18.86398338268047,0.0
0.0,18.133759939462486,0.0
0.0,26.75334804246167,0.0
0.0,26.753348042461674,0.0
0.0,32.40591589868612,0.0
0.0,32.40591589868612,0.0
0.0,35.18033597693037,0.0
0.0,35.18033597693037,0.0
0.0,36.76176209085432,0.0
0.0,36.76176209085432,0.0
0.0,31.125124780506887,0.0
0.0,31.12512478050688,0.0
0.0,8.67009679339691,0.0
0.0,13.595194645907307,0.0
0.0,19.826749614308433,0.0
0.0,15.46129982669051,0.0
0.0,18.785030071858603,0.0
0.0,21.358715034300474,0.0
0.0,17.136428563349124,0.0
0.0,17.136428563349124,0.0
0.0,25.256700941704338,0.0
0.0,25.25670094170433,0.0
0.0,25.79718054593606,0.0
0.0,25.79718054593606,0.0
0.0,22.89483524436952,0.0
0.0,22.894835244369524,0.0
0.0,33.49756855098837,0.0
0.0,31.377551352207675,0.0
0.0,23.91850157422327,0.0
0.0,23.91850157422327,0.0
0.0,37.348325491589,0.0
0.0,37.34832549158901,0.0
0.0,33.79905301898819,0.0
0.0,33.79905301898818,0.0
0.0,40.93401210583955,0.0
0.0,40.93401210583955,0.0
0.0,10.38841924870729,0.0
0.0,7.178510689320225,0.0
0.0,17.09733480610247,0.0
0.0,17.09733480610247,0.0
0.0,17.77974983150415,0.0
0.0,17.46803139309083,0.0
0.0,22.874244562634942,0.0
0.0,23.416285709861153,0.0
0.0,24.12175618006285,0.0
0.0,24.121756180062853,0.0
0.0,17.28616094907374,0.0
0.0,17.286160949073743,0.0
0.0,29.769940892721674,0.0
0.0,29.769940892721678,0.0
0.0,26.966354468508094,0.0
0.0,26.966354468508094,0.0
0.0,31.78419448671703,0.0
0.0,31.78419448671703,0.0
0.0,15.171447792425596,0.0
0.0,16.894058800512653,0.0
0.0,18.24098669102261,0.0
0.0,18.85041078074905,0.0
0.0,14.663810960903916,0.0
0.0,15.048265816079873,0.0
0.0,22.48514950766502,0.0
0.0,22.485149507665025,0.0
0.0,21.32274533624151,0.0
0.0,21.322745336241514,0.0
0.0,34.23161185307837,0.0
0.0,34.23161185307837,0.0
0.0,54.6758934309136,0.0
0.0,56.80895069452022,0.0
0.0,20.394327662172092,0.0
0.0,20.394327662172092,0.0
0.0,21.868800172327404,0.0
0.0,21.8688001723274,0.0
0.0,30.24778210922193,0.0
0.0,30.247782109221934,0.0
0.0,15.215837075167611,0.0
0.0,12.277431596227059,0.0
0.0,17.004025283966733,0.0
0.0,18.1735393885648,0.0
0.0,33.18870794960835,0.0
0.0,31.58857612293848,0.0
0.0,17.668819375563146,0.0
0.0,18.69556284977956,0.0
0.0,19.49111295421719,0.0
0.0,21.289626736880983,0.0
0.0,29.137617313963656,0.0
0.0,29.137617313963656,0.0
0.0,35.96825310361542,0.0
0.0,35.96825310361542,0.0
0.0,35.464291830759954,0.0
0.0,35.464291830759954,0.0
0.0,21.767902854389092,0.0
0.0,21.76790285438909,0.0
0.0,21.97699641136009,0.0
0.0,21.97699641136009,0.0
0.0,27.735228378609587,0.0
0.0,27.73522837860959,0.0
0.0,30.6483965403674,0.0
0.0,30.648396540367393,0.0
0.0,8.722832980890853,0.0
0.0,11.101747784601226,0.0
0.0,8.324951510568923,0.0
0.0,8.324951510568923,0.0
0.0,28.484758540501364,0.0
0.0,28.484758540501367,0.0
0.0,16.280407869439955,0.0
0.0,14.452311284263178,0.0
0.0,22.584995514501173,0.0
0.0,22.584995514501173,0.0
0.0,8.034305908346635,0.0
0.0,8.034305908346639,0.0
0.0,20.02182237160733,0.0
0.0,20.021822371607332,0.0
0.0,30.231249864709966,0.0
0.0,30.231249864709962,0.0
0.0,14.009578941334302,0.0
0.0,14.325266580578521,0.0
0.0,19.1476082378762,0.0
0.0,19.147608237876202,0.0
0.0,23.263381496496386,0.0
0.0,23.26338149649639,0.0
0.0,17.72158003650615,0.0
0.0,17.72158003650615,0.0
0.0,6.894162814152299,0.0
0.0,12.794371474409704,0.0
0.0,15.555270997772697,0.0
0.0,14.296447104167076,0.0
0.0,25.559112955989935,0.0
0.0,27.26203873047142,0.0
0.0,16.193548661413264,0.0
0.0,16.193548661413264,0.0
0.0,25.553894605329216,0.0
0.0,25.553894605329212,0.0
0.0,15.135244479677098,0.0
0.0,15.135244479677095,0.0
0.0,28.40442378135315,0.0
0.0,28.40442378135315,0.0
0.0,36.341185310943175,0.0
0.0,36.34118531094318,0.0
0.0,15.867511509519687,0.0
0.0,15.867511509519693,0.0
0.0,27.9835829912592,0.0
0.0,27.983582991259205,0.0
0.0,8.274444403818526,0.0
0.0,9.094253915190407,0.0
0.0,8.281227791695638,0.0
0.0,10.003540955935158,0.0
0.0,9.871288513221426,0.0
0.0,8.208964872454185,0.0
0.0,14.102061517179433,0.0
0.0,14.102061517179434,0.0
0.0,9.057500252386355,0.0
0.0,9.057500252386356,0.0
0.0,13.242239857712525,0.0
0.0,13.242239857712523,0.0
0.0,23.60342954184423,0.0
0.0,23.60342954184422,0.0
0.0,34.174807120378475,0.0
0.0,34.17480712037847,0.0
0.0,19.718621019999393,0.0
0.0,19.71862101999939,0.0
0.0,13.025057680749438,0.0
0.0,13.025057680749438,0.0
0.0,14.187896566044264,0.0
0.0,14.187896566044266,0.0
0.0,7.826872286839497,0.0
0.0,6.074295869229379,0.0
0.0,47.52660749621343,0.0
0.0,53.722887878328194,0.0
0.0,7.974950270488032,0.0
0.0,7.97495027048803,0.0
0.0,15.236963944229522,0.0
0.0,15.236963944229522,0.0
0.0,12.74987058398844,0.0
0.0,12.687825213709461,0.0
0.0,50.3501909127652,0.0
0.0,57.194660723546264,0.0
3.1499580400915668,82.3020330143067,1.0
3.1499580400915668,77.90102106162298,1.0
0.0,13.122037902795896,0.0
0.0,13.122037902795896,0.0
0.0,16.97266740009129,0.0
0.0,16.97266740009129,0.0
0.0,18.025241723635013,0.0
0.0,18.025241723635013,0.0
0.0,16.232484314855068,0.0
0.0,22.595172155591126,0.0
0.0,21.345211915340045,0.0
0.0,20.824491230432194,0.0
0.0,21.85108688134011,0.0
0.0,21.85108688134011,0.0
0.0,35.23796003786025,0.0
0.0,36.331065471970305,0.0
0.0,27.690097638895033,0.0
0.0,26.419371269728195,0.0
0.0,23.679797892331575,0.0
0.0,23.653068440053126,0.0
0.0,17.29210828396375,0.0
0.0,17.29210828396375,0.0
0.0,71.62536801938738,0.0
0.0,66.22877532321567,0.0
0.0,39.198000824390434,0.0
0.0,39.198000824390434,0.0
0.0,44.94579542538863,0.0
0.0,44.94579542538863,0.0
0.0,32.605762550431784,0.0
0.0,32.60576255043178,0.0
0.0,28.059246986261584,0.0
0.0,28.05924698626158,0.0
0.0,26.27059264710396,0.0
0.0,26.27059264710396,0.0
0.0,29.473749228702633,0.0
0.0,29.473749228702637,0.0
0.0,7.9117622167459025,0.0
0.0,7.949241357828949,0.0
0.0,11.0327523440012,0.0
0.0,9.640647634037691,0.0
0.0,13.062048027339422,0.0
0.0,15.137858769808766,0.0
0.0,16.996277799372763,0.0
0.0,16.996277799372763,0.0
0.0,14.791228641418778,0.0
0.0,12.289680081093138,0.0
0.0,15.598377521590999,0.0
0.0,15.247964717165274,0.0
0.0,13.849300224784512,0.0
0.0,13.849300224784514,0.0
0.0,23.967104279478143,0.0
0.0,22.728334226467634,0.0
0.0,29.313960779037615,0.0
0.0,29.31396077903761,0.0
0.0,17.938744222801205,0.0
0.0,17.938744222801205,0.0
0.0,22.81217237322908,0.0
0.0,22.81217237322908,0.0
0.0,21.35131536430563,0.0
0.0,21.35131536430563,0.0
0.0,26.088557441819727,0.0
0.0,26.088557441819727,0.0
0.0,24.413556083841634,0.0
0.0,24.413556083841634,0.0
0.0,20.18809016892268,0.0
0.0,25.28043661445661,0.0
0.0,25.624391916078643,0.0
0.0,25.624391916078647,0.0
0.0,23.00070693925138,0.0
0.0,23.000706939251383,0.0
0.0,22.59291710839065,0.0
0.0,22.592917108390655,0.0
0.0,32.778690399494245,0.0
0.0,31.508810231355014,0.0
0.0,47.405293230734166,0.0
0.0,46.60048879638034,0.0
0.0,41.365059317545445,0.0
0.0,41.365059317545445,0.0
0.0,38.82063147433076,0.0
0.0,38.82063147433077,0.0
1.2930132502833973,72.95466707553534,1.0
1.2930132502834097,109.7920972832487,1.0
4.596777214562773,81.54055904753596,1.0
4.596777214562773,96.45760750573129,1.0
0.0,9.222958518162013,0.0
0.0,6.178495971686308,0.0
0.0,10.224651566476247,0.0
0.0,10.224651566476247,0.0
0.0,19.00432100630033,0.0
0.0,18.594584657826797,0.0
0.0,20.238199820181528,0.0
0.0,20.23819982018153,0.0
0.0,28.892780121930272,0.0
0.0,28.892780121930272,0.0
0.0,63.49576377956871,0.0
0.0,56.51978461940537,0.0
0.0,27.1207972759309,0.0
0.0,27.120797275930897,0.0
0.0,20.643276109669745,0.0
0.0,20.643276109669745,0.0
0.0,21.792768373534273,0.0
0.0,22.752712819455873,0.0
0.0,25.05786407853489,0.0
0.0,25.05786407853489,0.0
0.0,24.36659083150323,0.0
0.0,24.36659083150323,0.0
0.0,14.562543122088629,0.0
0.0,14.55650206180676,0.0
0.0,10.732985917393693,0.0
0.0,10.732985917393695,0.0
0.0,14.926534006233117,0.0
0.0,13.982011584538578,0.0
0.0,17.681545400154306,0.0
0.0,16.94100030130566,0.0
0.0,10.26553247995831,0.0
0.0,10.26553247995831,0.0
0.0,18.246325347374736,0.0
0.0,18.246325347374736,0.0
0.0,17.64460345686534,0.0
0.0,17.64460345686534,0.0
0.0,18.5969462980806,0.0
0.0,18.596946298080596,0.0
0.0,24.280986428743685,0.0
0.0,24.28098642874368,0.0
0.0,21.613508316483866,0.0
0.0,21.61350831648386,0.0
0.0,24.407525329985866,0.0
0.0,24.407525329985866,0.0
0.0,12.83192125901428,0.0
0.0,15.744497012872571,0.0
0.0,29.11800032361416,0.0
0.0,28.26914720875053,0.0
0.0,13.589051093152516,0.0
0.0,13.14563996999672,0.0
0.0,16.79288245055939,0.0
0.0,16.792882450559386,0.0
0.0,34.741266518667004,0.0
0.0,34.74126651866699,0.0
0.0,31.6926395585949,0.0
0.0,29.27893546923316,0.0
0.0,24.334137671746216,0.0
0.0,24.334137671746216,0.0
0.0,19.050712373513143,0.0
0.0,19.05071237351314,0.0
0.0,17.44714472295788,0.0
0.0,17.447144722957876,0.0
0.0,36.28354464124179,0.0
0.0,36.2835446412418,0.0
0.0,34.25953840721748,0.0
0.0,34.25953840721748,0.0
0.0,31.596040811551916,0.0
0.0,31.596040811551916,0.0
0.0,29.48314567370095,0.0
0.0,29.483145673700953,0.0
0.0,42.45287082589803,0.0
0.0,42.45287082589803,0.0
0.0,15.461414096332733,0.0
0.0,16.622200788559212,0.0
0.0,16.400904451021727,0.0
0.0,18.667062205270476,0.0
0.0,13.866495847965524,0.0
0.0,12.716598721865896,0.0
0.0,20.206053085197617,0.0
0.0,20.206053085197617,0.0
0.0,21.577591766981776,0.0
0.0,21.577591766981776,0.0
0.0,38.352018037342425,0.0
0.0,38.352018037342425,0.0
0.0,22.684914935954183,0.0
0.0,22.684914935954183,0.0
0.0,25.479521731380533,0.0
0.0,25.479521731380533,0.0
0.0,13.790443878405085,0.0
0.0,8.747769088788068,0.0
0.0,22.869315125335334,0.0
0.0,22.869315125335337,0.0
0.0,24.474920401374032,0.0
0.0,29.200863213402485,0.0
0.0,16.715319529020558,0.0
0.0,15.420510278028424,0.0
0.0,39.52262022300437,0.0
0.0,39.52262022300437,0.0
0.0,27.422276607415313,0.0
0.0,27.422276607415313,0.0
0.0,21.58369848557023,0.0
0.0,21.58369848557023,0.0
0.0,18.027805795773297,0.0
0.0,19.583711264831308,0.0
0.0,30.475746633934865,0.0
0.0,30.475746633934865,0.0
0.0,20.76300105089273,0.0
0.0,20.763001050892733,0.0
0.0,20.762832525375064,0.0
0.0,20.76283252537506,0.0
0.0,31.167119516143394,0.0
0.0,31.167119516143394,0.0
0.0,20.746242903189135,0.0
0.0,20.746242903189138,0.0
0.0,10.428723343911251,0.0
0.0,9.37208300262505,0.0
0.0,28.098305586009634,0.0
0.0,28.09830558600963,0.0
0.0,26.822564153391127,0.0
0.0,24.087179205606926,0.0
0.0,13.623156025368012,0.0
0.0,11.144681935050208,0.0
0.0,33.880012838926305,0.0
0.0,33.880012838926305,0.0
0.0,29.10765864643343,0.0
0.0,26.610753857383354,0.0
0.0,26.232052360311467,0.0
0.0,26.232052360311464,0.0
0.0,33.434807308557964,0.0
0.0,33.434807308557964,0.0
0.0,34.37996447256184,0.0
0.0,34.37996447256184,0.0
0.0,18.007714505128913,0.0
0.0,18.00771450512891,0.0
0.0,15.906148077935036,0.0
0.0,15.404179520713072,0.0
0.0,31.233557271353426,0.0
0.0,31.233557271353426,0.0
0.0,19.746130835760113,0.0
0.0,19.746130835760113,0.0
0.0,5.744233923641824,0.0
0.0,9.255552678960054,0.0
0.0,35.873416422255026,0.0
0.0,35.87341642225503,0.0
0.0,12.410944781142,0.0
0.0,13.710901637514407,0.0
0.0,9.320192864950751,0.0
0.0,9.74832944420068,0.0
0.0,10.563676961509065,0.0
0.0,10.563676961509065,0.0
0.0,41.26601103391211,0.0
0.0,41.266011033912115,0.0
0.0,11.30209284050646,0.0
0.0,11.302092840506457,0.0
0.0,26.33218758897281,0.0
0.0,25.88236455861973,0.0
0.0,11.859611489072556,0.0
0.0,11.859611489072556,0.0
0.0,13.141422105932438,0.0
0.0,13.14142210593244,0.0
0.0,14.022278847470542,0.0
0.0,14.022278847470544,0.0
0.0,10.078174488074508,0.0
0.0,10.078174488074506,0.0
0.0,26.46962403354484,0.0
0.0,26.46962403354484,0.0
0.0,30.955726969455096,0.0
0.0,30.955726969455093,0.0
0.0,4.56984218964196,0.0
0.0,5.444835207249643,0.0
0.0,4.638517269400808,0.0
0.0,4.6385172694008086,0.0
0.0,32.53113686061258,0.0
0.0,34.06027094121086,0.0
0.0,16.13663605177899,0.0
0.0,13.483262008884884,0.0
0.0,35.55211078211209,0.0
0.0,35.485377339592155,0.0
0.0,39.28910552344078,0.0
0.0,39.289105523440774,0.0
0.0,17.906612056515186,0.0
0.0,17.90661205651519,0.0
0.0,15.577179574723452,0.0
0.0,15.577179574723452,0.0
0.0,47.75754081164671,0.0
0.0,50.003550400988445,0.0
0.0,37.88296780342206,0.0
0.0,37.88296780342206,0.0
0.0,19.137739535047082,0.0
0.0,19.137739535047075,0.0
0.0,16.658752160738644,0.0
0.0,20.606242127988207,0.0
0.0,16.44102018724687,0.0
0.0,15.33501200338277,0.0
0.0,12.976745662687673,0.0
0.0,12.976745662687676,0.0
0.0,44.77492429856313,0.0
0.0,44.77492429856313,0.0
0.0,21.958671041404738,0.0
0.0,22.381537870373993,0.0
0.0,34.264507652414544,0.0
0.0,34.264507652414544,0.0
0.0,18.753691858912468,0.0
0.0,18.753691858912468,0.0
0.0,20.562605721359425,0.0
0.0,20.56260572135943,0.0
0.0,38.71489532484897,0.0
0.0,38.71489532484897,0.0
0.0,34.09602338118155,0.0
0.0,34.09602338118155,0.0
0.0,26.537412950142897,0.0
0.0,26.537412950142894,0.0
0.0,19.29437969246016,0.0
0.0,17.1809369064352,0.0
0.0,17.39512027788496,0.0
0.0,19.940554158784305,0.0
0.0,32.70007188534387,0.0
0.0,32.70007188534387,0.0
0.0,25.115537635397562,0.0
0.0,25.115537635397562,0.0
0.0,23.260859793179556,0.0
0.0,22.62712660278666,0.0
0.0,22.243464004755474,0.0
0.0,22.243464004755474,0.0
0.0,22.302067818554416,0.0
0.0,22.302067818554416,0.0
0.0,21.89718624748527,0.0
0.0,21.897186247485273,0.0
0.0,45.83184888520745,0.0
0.0,45.83184888520745,0.0
0.0,24.098248658890924,0.0
0.0,24.098248658890924,0.0
0.0,18.53175822313632,0.0
0.0,14.526227738628158,0.0
0.0,19.72228358061502,0.0
0.0,19.72228358061502,0.0
0.0,20.19251069155784,0.0
0.0,20.192510691557843,0.0
0.0,16.985540151792566,0.0
0.0,17.00955776960134,0.0
0.0,19.710728317053032,0.0
0.0,19.710728317053032,0.0
0.0,20.672463232103997,0.0
0.0,19.266859686653234,0.0
0.0,20.806784919621492,0.0
0.0,19.302765194404913,0.0
0.0,27.418118951143924,0.0
0.0,27.418118951143928,0.0
0.0,20.085514606697075,0.0
0.0,20.085514606697075,0.0
0.0,26.288533862409572,0.0
0.0,26.28853386240957,0.0
0.0,21.49158479825737,0.0
0.0,21.49158479825737,0.0
0.0,33.9834743140764,0.0
0.0,33.9834743140764,0.0
0.0,20.79894594828317,0.0
0.0,20.798945948283176,0.0
0.0,20.586088391258624,0.0
0.0,20.58608839125862,0.0
0.0,25.612347702093373,0.0
0.0,25.61234770209338,0.0
0.0,8.892578810908926,0.0
0.0,5.689061406005893,0.0
0.0,8.22830363457009,0.0
0.0,9.17236724678176,0.0
0.0,12.142704013168117,0.0
0.0,12.671829857747486,0.0
0.0,6.194420684754819,0.0
0.0,6.194420684754819,0.0
0.0,11.942131907814398,0.0
0.0,11.942131907814398,0.0
0.0,29.341658951110016,0.0
0.0,29.341658951110016,0.0
0.0,18.09920857728901,0.0
0.0,18.099208577289012,0.0
0.0,27.73523352816008,0.0
0.0,27.73523352816008,0.0
0.0,12.671275059705856,0.0
0.0,12.671275059705856,0.0
0.0,18.81619278336751,0.0
0.0,18.816192783367505,0.0
0.0,31.80856673814076,0.0
0.0,31.80856673814076,0.0
0.0,10.239466854455989,0.0
0.0,13.04700930610582,0.0
0.0,9.771974343524699,0.0
0.0,9.140912503950403,0.0
0.0,9.15491924645645,0.0
0.0,10.163851105061871,0.0
0.0,25.85370569461796,0.0
0.0,26.3462606815703,0.0
0.0,12.427222459437028,0.0
0.0,12.427222459437028,0.0
0.0,12.262197647309296,0.0
0.0,12.262197647309296,0.0
0.0,15.166330153444262,0.0
0.0,15.166330153444258,0.0
0.0,12.19769307002146,0.0
0.0,12.197693070021462,0.0
0.0,17.358578322727723,0.0
0.0,17.35857832272772,0.0
0.0,29.538683057387402,0.0
0.0,29.53868305738741,0.0
0.0,34.946788542071715,0.0
0.0,34.94678854207171,0.0
0.0,40.93176879926871,0.0
0.0,40.93176879926871,0.0
0.0,19.26551600818385,0.0
0.0,19.884822117433416,0.0
0.0,21.265482762261342,0.0
0.0,21.1040545704354,0.0
0.0,22.276719103001405,0.0
0.0,26.03762431281455,0.0
0.0,26.58138136250401,0.0
0.0,26.581381362504004,0.0
0.0,42.502662276862104,0.0
0.0,42.502662276862104,0.0
0.0,34.67098316386489,0.0
0.0,34.67098316386489,0.0
0.0,31.488973733825823,0.0
0.0,31.488973733825823,0.0
0.0,43.13905067268462,0.0
0.0,43.139050672684625,0.0
0.0,25.46248595641923,0.0
0.0,25.46248595641923,0.0
0.0,12.663539967272634,0.0
0.0,3.0990302691995595,0.0
0.0,8.34421284537438,0.0
0.0,11.73764192125135,0.0
0.0,8.636332189773675,0.0
0.0,4.347678493820963,0.0
0.0,19.06299536209542,0.0
0.0,19.062995362095425,0.0
0.0,12.699215716806513,0.0
0.0,12.699215716806513,0.0
0.0,11.822881849196037,0.0
0.0,11.822881849196037,0.0
0.0,37.084531241904756,0.0
0.0,38.5390599838848,0.0
0.0,13.578301423668549,0.0
0.0,13.578301423668549,0.0
0.0,13.22010773260833,0.0
0.0,13.22010773260833,0.0
0.0,9.976579584571784,0.0
0.0,9.976579584571786,0.0
0.0,43.99937713270131,0.0
0.0,43.99937713270131,0.0
2.0925184032582442,102.00466790824223,1.0
2.0925184032582442,141.30640568265633,1.0
0.0,13.655704733659412,0.0
0.0,13.655704733659412,0.0
0.0,6.64228005073956,0.0
0.0,2.656922653208639,0.0
0.0,6.389854349932865,0.0
0.0,8.435421098138697,0.0
0.0,9.779965805482401,0.0
0.0,11.11209061398693,0.0
0.0,16.92177675414252,0.0
0.0,16.92177675414252,0.0
0.0,27.32856932767801,0.0
0.0,27.32856932767801,0.0
0.0,22.589830870783796,0.0
0.0,22.589830870783793,0.0
0.0,13.787355147306588,0.0
0.0,13.362952297320026,0.0
0.0,36.059940236510116,0.0
0.0,36.059940236510116,0.0
0.0,18.353703787312924,0.0
0.0,18.353703787312924,0.0
1.0366648017659277,72.5461018859466,1.0
1.0366648017659277,70.63573816876864,1.0
0.0,26.476554627946413,0.0
0.0,26.47655462794641,0.0
0.0,31.308242558513292,0.0
0.0,34.331421911608295,0.0
0.0,30.189385115236952,0.0
0.0,30.202098434439627,0.0
0.0,36.54751753521667,0.0
0.0,36.54751753521667,0.0
0.0,32.54872425450234,0.0
0.0,32.548724254502346,0.0
0.0,37.619470986707576,0.0
0.0,34.250354549374975,0.0
0.0,33.341938821318145,0.0
0.0,33.341938821318145,0.0
0.0,35.61991400367806,0.0
0.0,35.61991400367807,0.0
0.0,32.20380275893835,0.0
0.0,32.20380275893835,0.0
0.0,40.5458977545492,0.0
0.0,40.5458977545492,0.0
0.0,43.587163310045376,0.0
0.0,43.587163310045376,0.0
0.0,41.602663580890784,0.0
0.0,41.60266358089078,0.0
0.0,7.941357099521522,0.0
0.0,9.871206053625345,0.0
0.0,10.46494768159112,0.0
0.0,8.63027499570604,0.0
0.0,10.69458687632723,0.0
0.0,9.203704183970785,0.0
0.0,20.274619473319593,0.0
0.0,20.274619473319596,0.0
0.0,10.076337767361151,0.0
0.0,10.076337767361153,0.0
0.0,21.014137489951388,0.0
0.0,21.01413748995139,0.0
0.0,20.414950630313754,0.0
0.0,20.468019127654262,0.0
0.0,23.382751247460792,0.0
0.0,23.44729365869299,0.0
0.0,23.96475666058411,0.0
0.0,23.964756660584115,0.0
0.0,30.160548862212583,0.0
0.0,30.160548862212583,0.0
0.0,32.595160964329274,0.0
0.0,32.595160964329274,0.0
0.0,27.690771072562168,0.0
0.0,27.690771072562168,0.0
0.0,7.182361368067146,0.0
0.0,8.635848266480263,0.0
0.0,22.661470122472135,0.0
0.0,23.148863939749905,0.0
0.0,15.209142848588398,0.0
0.0,13.815667867023233,0.0
0.0,9.36221696931421,0.0
0.0,9.362216969314208,0.0
0.0,41.537775203955405,0.0
0.0,41.53777520395541,0.0
0.0,33.265341827780354,0.0
0.0,33.26534182778035,0.0
0.0,27.805005655741237,0.0
0.0,27.805005655741237,0.0
0.0,24.045190986692166,0.0
0.0,24.045190986692166,0.0
0.0,24.004708074855152,0.0
0.0,24.004708074855152,0.0
0.0,2.136752881833978,0.0
0.0,7.185189916686721,0.0
0.0,4.552867519640532,0.0
0.0,8.438710337959243,0.0
0.0,9.6881130529172,0.0
0.0,9.688113052917195,0.0
0.0,9.597340956997305,0.0
0.0,9.884763057878848,0.0
0.0,14.786651088744653,0.0
0.0,14.786651088744653,0.0
0.0,12.662229161905097,0.0
0.0,12.662229161905096,0.0
0.0,9.004805761478478,0.0
0.0,8.456789513603617,0.0
0.0,10.890689587678084,0.0
0.0,10.890689587678086,0.0
0.0,11.366755183966887,0.0
0.0,11.366755183966887,0.0
0.0,21.920000408602412,0.0
0.0,21.920000408602412,0.0
0.0,19.861734511566816,0.0
0.0,19.86173451156682,0.0
0.0,25.8247026353576,0.0
0.0,25.824702635357593,0.0
0.0,17.675537433030893,0.0
0.0,17.675537433030897,0.0
0.0,15.410575715476245,0.0
0.0,15.663992364638645,0.0
0.0,11.447531562730083,0.0
0.0,15.114089792904593,0.0
0.0,42.60932060437402,0.0
0.0,39.73516825342392,0.0
0.0,34.596560981706034,0.0
0.0,34.596560981706034,0.0
0.0,30.06328113158996,0.0
0.0,30.063281131589957,0.0
0.0,19.46524723132159,0.0
0.0,19.465247231321587,0.0
0.0,49.044586537689405,0.0
0.0,49.044586537689405,0.0
0.0,56.97575292355949,0.0
0.0,63.08662724573785,0.0
0.0,53.7456257480579,0.0
0.0,70.46629025313344,0.0
0.0,12.257625114633704,0.0
0.0,5.653680430995291,0.0
0.0,11.049066730170427,0.0
0.0,11.04906673017043,0.0
0.0,13.86896535900071,0.0
0.0,13.413361523042482,0.0
0.0,26.200167948167994,0.0
0.0,28.539652377112382,0.0
0.0,19.377243287836112,0.0
0.0,19.377243287836112,0.0
0.0,15.14573949759611,0.0
0.0,15.145739497596107,0.0
0.0,13.2738000163916,0.0
0.0,13.2738000163916,0.0
0.0,19.34170824998097,0.0
0.0,19.341708249980968,0.0
0.0,22.295182721916685,0.0
0.0,22.29518272191669,0.0
0.0,31.95623584805922,0.0
0.0,31.956235848059215,0.0
0.0,27.217652105954055,0.0
0.0,27.21765210595406,0.0
0.0,46.800123526696794,0.0
0.0,46.8001235266968,0.0
0.0,10.446720990274073,0.0
0.0,6.751913121808558,0.0
0.0,10.425393150874546,0.0
0.0,8.568414459026876,0.0
0.0,14.328064208317047,0.0
0.0,12.046307678468382,0.0
0.0,11.819833292731293,0.0
0.0,11.81983329273129,0.0
0.0,18.81250330144244,0.0
0.0,18.81250330144244,0.0
0.0,20.642079369964627,0.0
0.0,20.642079369964623,0.0
0.0,13.600438708018093,0.0
0.0,13.600438708018094,0.0
0.0,16.56507736152442,0.0
0.0,16.565077361524423,0.0
0.0,12.824992550727266,0.0
0.0,12.824992550727266,0.0
0.0,21.79602595270481,0.0
0.0,21.796025952704806,0.0
0.0,16.96713048767887,0.0
0.0,14.291885576391344,0.0
0.0,54.91989744008796,0.0
0.0,54.48206747849278,0.0
0.0,26.1982676380573,0.0
0.0,20.4316613567562,0.0
0.0,52.41937288020383,0.0
0.0,58.96127516108408,0.0
0.0,64.04217372482505,0.0
0.0,57.12161241435605,0.0
0.0,42.4065199903655,0.0
0.0,42.4065199903655,0.0
0.0,35.33515249447011,0.0
0.0,34.06837471837688,0.0
0.3686275387303217,62.29009915566779,1.0
0.3686275387303146,75.4214940948374,1.0
2.8201877950643697,72.40051683633727,1.0
2.8201877950643697,69.79887065604433,1.0
0.0,61.42183837875719,0.0
0.0,53.82664851676699,0.0
0.0,37.11678530938782,0.0
0.0,37.11678530938783,0.0
0.0,6.789104457147513,0.0
0.0,10.607109144235428,0.0
0.0,4.025194425881285,0.0
0.0,4.025194425881284,0.0
0.0,12.506488198623149,0.0
0.0,15.565519845707941,0.0
0.0,10.960312529386531,0.0
0.0,13.614579827970118,0.0
0.0,8.228597373348329,0.0
0.0,10.66872244216936,0.0
0.0,8.953079681853673,0.0
0.0,8.953079681853671,0.0
0.0,25.89805748415735,0.0
0.0,25.898057484157345,0.0
0.0,46.86333102484579,0.0
0.0,46.863331024845785,0.0
0.0,21.356457253314304,0.0
0.0,21.356457253314304,0.0
0.0,27.73745555730168,0.0
0.0,27.73745555730168,0.0
0.0,13.092932138346377,0.0
0.0,13.092932138346375,0.0
0.0,18.018228451701393,0.0
0.0,18.018228451701397,0.0
0.0,13.893015398924275,0.0
0.0,13.893015398924277,0.0
0.0,17.243138190450473,0.0
0.0,15.668154585903464,0.0
0.0,23.97224995600195,0.0
0.0,19.380115600779458,0.0
0.0,27.527892177825304,0.0
0.0,27.714118093709036,0.0
0.0,15.90014487509178,0.0
0.0,15.90014487509178,0.0
0.0,22.24803835397077,0.0
0.0,22.24803835397077,0.0
0.0,26.13356808172273,0.0
0.0,32.400179955639686,0.0
0.0,28.231957684341033,0.0
0.0,28.231957684341033,0.0
0.0,30.229075654616445,0.0
0.0,30.229075654616437,0.0
0.0,42.75611992578486,0.0
0.0,42.75611992578485,0.0
0.0,18.739818416290866,0.0
0.0,18.73981841629087,0.0
0.0,19.681206257027952,0.0
0.0,20.324202725180296,0.0
0.0,29.48940143895306,0.0
0.0,32.68661786882726,0.0
0.0,23.075187439990835,0.0
0.0,21.403271657792146,0.0
0.0,32.0665017008766,0.0
0.0,32.0665017008766,0.0
0.0,27.71398836575393,0.0
0.0,27.713988365753934,0.0
4.875549511692379,101.13770384071474,1.0
4.875549511692379,90.28412650499394,1.0
0.0,21.153245590559454,0.0
0.0,21.153245590559454,0.0
0.0,48.903641386554135,0.0
0.0,48.90364138655414,0.0
0.0,36.48996867280879,0.0
0.0,36.489968672808786,0.0
0.0,23.076644037033,0.0
0.0,23.076644037033,0.0
0.0,11.00869820044236,0.0
0.0,11.236279711668717,0.0
0.0,26.97496602111982,0.0
0.0,28.251086084205877,0.0
0.0,23.764978474399662,0.0
0.0,23.764978474399662,0.0
0.0,14.079587263733142,0.0
0.0,11.45832542377941,0.0
0.0,41.11233292494746,0.0
0.0,41.11233292494747,0.0
0.0,39.775551549778086,0.0
0.0,36.05255097072062,0.0
0.0,30.128478552730385,0.0
0.0,30.128478552730385,0.0
0.0,25.742373675903867,0.0
0.0,25.742373675903867,0.0
0.0,26.89410719989176,0.0
0.0,26.894107199891756,0.0
0.0,33.68178800387922,0.0
0.0,33.68178800387922,0.0
0.0,9.993648477464417,0.0
0.0,8.749279937742802,0.0
0.0,35.5663601431302,0.0
0.0,33.76748540505353,0.0
0.0,5.722231201454688,0.0
0.0,5.722231201454688,0.0
0.0,18.28254301993629,0.0
0.0,18.282543019936288,0.0
0.0,53.78157278392741,0.0
0.0,58.153342079225894,0.0
0.0,38.58326879131186,0.0
0.0,38.58326879131186,0.0
0.0,13.162333230568239,0.0
0.0,12.507025991908817,0.0
0.0,55.30896965367555,0.0
0.0,43.92287693413398,0.0
0.0,12.36749033441481,0.0
0.0,12.36749033441481,0.0
0.0,12.474574342821976,0.0
0.0,12.474574342821974,0.0
0.0,14.796597348730138,0.0
0.0,14.796597348730138,0.0
0.0,20.900763682900855,0.0
0.0,20.900763682900852,0.0
0.0,28.264451760905928,0.0
0.0,28.53260449515948,0.0
0.0,32.4049913158083,0.0
0.0,32.492743664203324,0.0
0.0,22.95033247562195,0.0
0.0,22.95033247562195,0.0
0.0,33.76232400523811,0.0
0.0,34.49617748784972,0.0
0.0,46.9441953407672,0.0
0.0,46.9441953407672,0.0
0.0,42.24401518223176,0.0
0.0,42.24401518223176,0.0
0.0,32.02630949033843,0.0
0.0,32.02630949033843,0.0
0.0,30.45444823570192,0.0
0.0,30.454448235701918,0.0
0.0,47.037614036225506,0.0
0.0,44.27582971013151,0.0
0.0,35.56433328971112,0.0
0.0,35.564333289711115,0.0
0.0,9.226252186747214,0.0
0.0,8.959533690635652,0.0
0.0,9.842604765029952,0.0
0.0,9.84260476502995,0.0
0.0,5.5324719973756356,0.0
0.0,7.008403741394357,0.0
0.0,9.69170344881545,0.0
0.0,9.691703448815447,0.0
0.0,30.46915643060158,0.0
0.0,30.46915643060158,0.0
0.0,18.44104909855123,0.0
0.0,18.441049098551233,0.0
0.0,10.753094913364036,0.0
0.0,10.753094913364038,0.0
0.0,13.46715949496625,0.0
0.0,13.46715949496625,0.0
0.0,11.359577955110094,0.0
0.0,11.35957795511009,0.0
0.0,15.44944614506853,0.0
0.0,15.449446145068531,0.0
0.0,9.646237158664782,0.0
0.0,9.646237158664784,0.0
0.0,5.790492697797026,0.0
0.0,9.966987748551619,0.0
0.0,16.039916106378946,0.0
0.0,16.03991610637895,0.0
0.0,6.4157426057816425,0.0
0.0,6.415742605781642,0.0
0.0,22.281223595472007,0.0
0.0,25.19523714518687,0.0
0.0,55.58893436700318,0.0
0.0,53.64506883554489,0.0
0.0,43.77331863629634,0.0
0.0,43.773318636296345,0.0
0.0,27.274050412851697,0.0
0.0,27.274050412851697,0.0
0.0,54.336887155601474,0.0
0.0,57.06954072784378,0.0
0.0,52.3044978674734,0.0
0.0,51.72570964931039,0.0
0.0,33.47004035237528,0.0
0.0,33.47004035237528,0.0
1.0667484045908757,71.81713126979145,1.0
1.0667484045908757,96.0893343849685,1.0
3.2424618628980664,74.29442304532094,1.0
3.2424618628980664,65.4640662791811,1.0
0.0,9.910314005185487,0.0
0.0,6.885942887637407,0.0
0.0,12.108707574523134,0.0
0.0,12.10870757452313,0.0
0.0,21.681088619428266,0.0
0.0,24.642737776724953,0.0
0.0,14.995654075842946,0.0
0.0,11.064542971310651,0.0
0.0,47.89558909035621,0.0
0.0,45.48229521709845,0.0
0.0,32.06919143790377,0.0
0.0,32.06919143790377,0.0
0.0,19.94198222654523,0.0
0.0,19.94198222654523,0.0
2.58703837853591,100.80662963329688,1.0
2.58703837853591,124.28394898531354,1.0
0.0,26.337637461968857,0.0
0.0,26.337637461968857,0.0
0.0,20.928297988421438,0.0
0.0,20.928297988421438,0.0
0.0,9.759265866252502,0.0
0.0,6.635026272367165,0.0
0.0,12.581226176776628,0.0
0.0,9.89312767656914,0.0
0.0,9.381681203864309,0.0
0.0,9.713184406202874,0.0
0.0,15.705070642652235,0.0
0.0,15.638259101704637,0.0
0.0,16.54793641568353,0.0
0.0,16.54793641568353,0.0
0.0,33.44672509970992,0.0
0.0,35.62247778440303,0.0
0.0,25.750144957961197,0.0
0.0,25.750144957961194,0.0
0.0,58.13373964116483,0.0
0.0,59.6362015033696,0.0
0.0,28.957674593456833,0.0
0.0,28.957674593456836,0.0
0.0,37.130991398105216,0.0
0.0,37.130991398105216,0.0
0.0,9.122104537807086,0.0
0.0,11.137099882104168,0.0
0.0,24.774287103024264,0.0
0.0,23.273916529171334,0.0
0.0,12.851506010254955,0.0
0.0,11.19607726918823,0.0
0.0,18.09873670317471,0.0
0.0,17.708136914209916,0.0
0.0,18.916401390044825,0.0
0.0,18.916401390044825,0.0
0.0,27.06557666635473,0.0
0.0,27.06557666635473,0.0
0.0,41.873562273444996,0.0
0.0,41.873562273445,0.0
0.0,17.1998141001875,0.0
0.0,17.199814100187496,0.0
0.0,13.639217208766654,0.0
0.0,13.639217208766654,0.0
0.0,23.35506984453003,0.0
0.0,23.355069844530025,0.0
0.0,29.19565276341993,0.0
0.0,29.195652763419925,0.0
0.0,23.940672438089692,0.0
0.0,23.940672438089692,0.0
0.0,20.63515348170103,0.0
0.0,20.63515348170103,0.0
0.0,6.414998710591291,0.0
0.0,9.059206436196684,0.0
0.0,7.278978373690833,0.0
0.0,10.290654722370771,0.0
0.0,12.126466180725842,0.0
0.0,12.126466180725842,0.0
0.0,8.352790074897019,0.0
0.0,10.839327017702562,0.0
0.0,17.464897599683617,0.0
0.0,16.160737775729913,0.0
0.0,11.232516366566035,0.0
0.0,11.232516366566038,0.0
0.0,23.996377733779738,0.0
0.0,23.996377733779738,0.0
0.0,16.100097382038648,0.0
0.0,16.100097382038648,0.0
0.0,10.362708713944095,0.0
0.0,10.362708713944093,0.0
0.0,33.04483896384488,0.0
0.0,33.04483896384488,0.0
0.0,22.93605147863824,0.0
0.0,22.93605147863824,0.0
0.0,17.60338753561355,0.0
0.0,17.60338753561355,0.0
0.0,15.882801290633612,0.0
0.0,16.22391095376434,0.0
0.0,12.538350498734141,0.0
0.0,13.843524154716356,0.0
0.0,43.578598013929124,0.0
0.0,43.578598013929124,0.0
0.0,22.462100558932214,0.0
0.0,22.462100558932214,0.0
0.0,16.358785901139342,0.0
0.0,16.358785901139342,0.0
0.0,38.06216959163053,0.0
0.0,50.927655064285034,0.0
0.0,22.249417376768477,0.0
0.0,22.249417376768477,0.0
0.0,26.091620075377154,0.0
0.0,26.091620075377154,0.0
0.0,16.900426327693935,0.0
0.0,16.900426327693935,0.0
0.0,16.011908827853173,0.0
0.0,9.26366626404263,0.0
0.0,11.078639223130288,0.0
0.0,12.33827934462621,0.0
0.0,21.121353527548795,0.0
0.0,24.96451926561974,0.0
0.0,22.3089157691164,0.0
0.0,22.3089157691164,0.0
0.0,15.356881821891292,0.0
0.0,15.35688182189129,0.0
0.0,14.026290212078198,0.0
0.0,14.026290212078198,0.0
0.0,39.112494214395255,0.0
0.0,39.112494214395255,0.0
0.0,51.31233049904337,0.0
0.0,53.69982626985444,0.0
0.0,35.06251104684307,0.0
0.0,35.06251104684307,0.0
0.0,25.239737578689983,0.0
0.0,25.239737578689986,0.0
0.0,24.592491739130995,0.0
0.0,24.592491739130995,0.0
0.0,12.97664596891378,0.0
0.0,12.256641454869799,0.0
0.0,14.284047327211855,0.0
0.0,14.284047327211855,0.0
0.0,19.248800218106606,0.0
0.0,18.334045684677246,0.0
0.0,29.009955216415445,0.0
0.0,29.009955216415445,0.0
0.0,32.76526626833829,0.0
0.0,32.76526626833829,0.0
0.0,17.92850504080718,0.0
0.0,20.51855758620034,0.0
0.0,19.099539016810937,0.0
0.0,17.321257936134835,0.0
0.0,33.37287555303058,0.0
0.0,33.37287555303058,0.0
0.0,24.162393590762413,0.0
0.0,24.162393590762413,0.0
0.0,21.125296925474423,0.0
0.0,21.125296925474423,0.0
0.0,5.9653638568063565,0.0
0.0,7.6663249445216,0.0
0.0,12.472418437344654,0.0
0.0,11.769899989769414,0.0
0.0,11.706459893603878,0.0
0.0,11.831263553743211,0.0
0.0,10.2304998383729,0.0
0.0,11.635065464203755,0.0
0.0,18.851064420809962,0.0
0.0,18.851064420809962,0.0
0.0,21.06189660042153,0.0
0.0,21.06189660042153,0.0
0.0,19.20300653074115,0.0
0.0,19.203006530741153,0.0
0.0,19.516365892430425,0.0
0.0,19.51636589243043,0.0
0.0,37.76099154805065,0.0
0.0,37.76099154805065,0.0
0.0,12.37546839496914,0.0
0.0,12.375468394969143,0.0
0.0,12.78768488774229,0.0
0.0,12.78768488774229,0.0
0.0,12.528294381869287,0.0
0.0,13.652862930848002,0.0
0.0,12.423183389564143,0.0
0.0,12.27846870026388,0.0
0.0,8.250051897179153,0.0
0.0,8.250051897179153,0.0
0.0,39.881848964682746,0.0
0.0,39.88184896468275,0.0
0.0,16.643698462910546,0.0
0.0,17.27551938562757,0.0
0.0,16.482577144367426,0.0
0.0,16.48257714436743,0.0
0.0,31.924438970586305,0.0
0.0,31.9244389705863,0.0
0.0,20.702478181549452,0.0
0.0,20.702478181549452,0.0
0.0,14.814911787834053,0.0
0.0,14.814911787834053,0.0
0.0,40.88798525108062,0.0
0.0,36.99602443070113,0.0
0.0,28.655268339818203,0.0
0.0,28.6552683398182,0.0
0.0,9.096294584995405,0.0
0.0,17.18160617207117,0.0
0.0,13.237940540063,0.0
0.0,15.132234797454894,0.0
0.0,21.625863722761466,0.0
0.0,20.043265452355456,0.0
0.0,15.914371971098078,0.0
0.0,15.914371971098078,0.0
0.0,17.908844068115876,0.0
0.0,17.908844068115876,0.0
0.0,41.487359529538224,0.0
0.0,41.487359529538224,0.0
0.0,16.82307812609315,0.0
0.0,16.82307812609315,0.0
0.0,17.438185745062228,0.0
0.0,17.438185745062228,0.0
0.0,22.07220611098203,0.0
0.0,22.07220611098203,0.0
0.0,27.998544949506464,0.0
0.0,27.998544949506464,0.0
0.0,21.783544174951874,0.0
0.0,21.783544174951878,0.0
0.0,8.798566478603192,0.0
0.0,9.91231031012222,0.0
0.0,13.909313329252466,0.0
0.0,13.909313329252466,0.0
0.0,15.046168657556017,0.0
0.0,17.206576774384377,0.0
0.0,22.578581285760283,0.0
0.0,22.661706358815675,0.0
0.0,13.002904255618342,0.0
0.0,13.002904255618343,0.0
0.0,17.778715499681045,0.0
0.0,17.77871549968104,0.0
0.0,24.752438471217395,0.0
0.0,24.752438471217395,0.0
0.0,17.319579374068503,0.0
0.0,17.319579374068503,0.0
0.0,24.389685213765777,0.0
0.0,24.38968521376578,0.0
0.0,30.228423187088026,0.0
0.0,30.22842318708802,0.0
0.0,24.674339331351025,0.0
0.0,24.674339331351025,0.0
0.0,16.929567910394756,0.0
0.0,21.377989729984645,0.0
0.0,27.05448768970068,0.0
0.0,25.780132149150774,0.0
0.0,23.20403084467192,0.0
0.0,24.588708533000762,0.0
0.0,29.287637679452764,0.0
0.0,25.587731337427662,0.0
0.0,34.87607494425022,0.0
0.0,34.87607494425023,0.0
0.0,34.99776252115636,0.0
0.0,34.61201353421031,0.0
0.0,25.414933586516426,0.0
0.0,25.414933586516426,0.0
0.0,26.275694370433452,0.0
0.0,26.275694370433452,0.0
0.0,31.34482433153504,0.0
0.0,31.344824331535037,0.0
0.0,28.706150869902334,0.0
0.0,28.70615086990233,0.0
0.0,45.190850374009585,0.0
0.0,45.19085037400958,0.0
0.0,50.72382968913638,0.0
0.0,50.72382968913639,0.0
0.0,37.75080111790413,0.0
0.0,37.75080111790413,0.0
0.0,7.484879350331778,0.0
0.0,6.509095022370328,0.0
0.0,24.722697553482554,0.0
0.0,22.169939653520757,0.0
0.0,9.222571927412385,0.0
0.0,9.020514169883802,0.0
0.0,18.786370742416793,0.0
0.0,19.41501446690988,0.0
0.0,21.79683865716856,0.0
0.0,20.84918401147793,0.0
0.0,27.194024029679003,0.0
0.0,27.194024029679,0.0
0.0,18.482692099189762,0.0
0.0,18.48269209918976,0.0
0.0,24.451538839729498,0.0
0.0,24.4515388397295,0.0
0.0,9.618026155632391,0.0
0.0,9.61802615563239,0.0
0.0,42.88451670735351,0.0
0.0,50.169474404194915,0.0
0.0,25.87576461206358,0.0
0.0,25.875764612063584,0.0
0.0,25.545923414040583,0.0
0.0,25.545923414040583,0.0
0.0,24.133088383290946,0.0
0.0,24.13308838329095,0.0
0.0,3.0214415901636116,0.0
0.0,10.267961490703224,0.0
0.0,12.670201834039517,0.0
0.0,12.67020183403952,0.0
0.0,6.477177653150587,0.0
0.0,6.477177653150587,0.0
0.0,12.020211698813888,0.0
0.0,15.679145248334638,0.0
0.0,11.787606733986934,0.0
0.0,11.787606733986934,0.0
0.0,28.94639735271446,0.0
0.0,28.946397352714456,0.0
0.0,16.324668915721933,0.0
0.0,16.324668915721936,0.0
0.0,19.778975391998845,0.0
0.0,19.778975391998845,0.0
0.0,42.00317556666391,0.0
0.0,42.00317556666391,0.0
0.0,30.810428078482055,0.0
0.0,30.569489345282484,0.0
0.0,39.30747398918193,0.0
0.0,39.30747398918193,0.0
0.0,44.27788199399129,0.0
0.0,44.27788199399129,0.0
0.0,28.04369769792941,0.0
0.0,25.51979230059,0.0
0.0,29.61129550687321,0.0
0.0,29.61129550687321,0.0
0.0,25.325104929694525,0.0
0.0,23.26510892694539,0.0
0.0,40.845345510601476,0.0
0.0,42.69583302428768,0.0
0.0,32.688337710288025,0.0
0.0,32.688337710288025,0.0
0.0,39.88144340680293,0.0
0.0,39.88144340680293,0.0
0.0,34.642229293374925,0.0
0.0,34.642229293374925,0.0
0.0,42.654506564641494,0.0
0.0,42.82256859538038,0.0
0.0,63.91730975311516,0.0
0.0,59.743004906631725,0.0
0.0,44.631728310400156,0.0
0.0,44.631728310400156,0.0
0.0,51.79828636762339,0.0
0.0,50.494576364462276,0.0
0.8623220803017241,79.6834632126882,1.0
0.8623220803017241,87.1114000931941,1.0
0.0,52.8471973628558,0.0
0.0,60.53288884217518,0.0
0.0,11.093797744598806,0.0
0.0,7.556338105364581,0.0
0.0,20.369762194122057,0.0
0.0,20.36976219412206,0.0
0.0,10.443457558312009,0.0
0.0,8.785374828174529,0.0
0.0,31.80312867638436,0.0
0.0,30.101511411927813,0.0
0.0,13.213390050096166,0.0
0.0,13.213390050096166,0.0
0.0,14.109223457756137,0.0
0.0,14.10922345775614,0.0
0.0,22.98700401298656,0.0
0.0,22.98700401298656,0.0
0.0,16.8280223610789,0.0
0.0,16.715029863505208,0.0
0.0,32.967624196469956,0.0
0.0,32.967624196469956,0.0
0.0,32.65939796022153,0.0
0.0,32.65939796022153,0.0
0.0,20.832456021932728,0.0
0.0,20.832456021932728,0.0
0.0,27.463451172006394,0.0
0.0,26.32324976186033,0.0
0.0,25.886108305313304,0.0
0.0,25.886108305313307,0.0
8.254541961354178,83.0743284675548,1.0
8.2545419613542,89.15023147667289,1.0
0.0,39.4182039829602,0.0
0.0,37.467830141819164,0.0
0.0,28.760841602538147,0.0
0.0,28.76084160253815,0.0
1.909861935542294,84.59717556184775,1.0
1.909861935542294,87.67678081318441,1.0
1.909861935542289,79.30037290117028,1.0
1.909861935542289,76.77111016529514,1.0
0.0,55.527847882731464,0.0
0.0,46.50055768366561,0.0
0.0,46.36778506017001,0.0
0.0,46.36778506017001,0.0
0.0,38.984386580915995,0.0
0.0,38.984386580915995,0.0
0.0,11.657818333350157,0.0
0.0,14.651620912431849,0.0
0.0,16.668205087268444,0.0
0.0,15.211218325011405,0.0
0.0,22.14911260959202,0.0
0.0,21.063280215225078,0.0
0.0,27.035951108070257,0.0
0.0,27.035951108070257,0.0
0.0,15.996081351265993,0.0
0.0,15.996081351265989,0.0
0.0,45.579548979426306,0.0
0.0,45.579548979426306,0.0
0.0,25.836925901345,0.0
0.0,25.836925901345005,0.0
0.0,38.63260433961585,0.0
0.0,38.63260433961585,0.0
0.0,25.346103916759393,0.0
0.0,25.346103916759397,0.0
